{"GPS":{
    "EBJ0": [55.526, 8.554],
    "EBJ_start": [55.5258, 8.5533],
    "CEA_to": [55.7170833333333, 4.75147222222222],
    "CEA_from": [55.7170833333333, 4.75147222222222],
    "TYW_to": [55.716, 4.7504],
    "TYW_from": [55.716, 4.7504],
    "GOC_to": [55.58033333, 4.760083333],
    "GOC_from": [55.58033333, 4.760083333],
    "HAL_to": [56.34483333, 4.273361111],
    "HAL_from": [56.34483333, 4.273361111],
    "HAR_to": [56.34591667, 4.273444444],
    "HAR_from": [56.34591667, 4.273444444],
    "HBC_to": [55.53936111, 5.034666667],
    "HBC_from": [55.53936111, 5.034666667],
    "NSA_to": [55.48047222, 5.10977777777778],
    "NSA_from": [55.48047222, 5.10977777777778],
    "DAF_to": [55.48047222, 5.10977777777778],
    "DAF_from": [55.48047222, 5.10977777777778],
    "DAB_to": [55.48047222, 5.10977777777778],
    "DAB_from": [55.48047222, 5.10977777777778],
    "MTR_to": [55.509916665, 5.07222222239],
    "MTR_from": [55.509916665, 5.07222222239],
    "RLF_to": [55.60669444, 4.492861111],
    "RLF_from": [55.60669444, 4.492861111],
    "SKJ_to": [55.53225, 4.908166667],
    "SKJ_from": [55.53225, 4.908166667],
    "SMA_to": [56.17905556, 4.18075],
    "SMA_from": [56.17905556, 4.18075],
    "TYE_to": [55.722, 4.803055556],
    "TYE_from": [55.722, 4.803055556],
    "MGU_to": [55.72255, 4.80305],
    "MGU_from": [55.72255, 4.80305],
    "VCY_to": [55.722, 4.803055556],
    "VCY_from": [55.722, 4.803055556],
    "EDA_to": [55.834, 4.55864],
    "EDA_from": [55.834, 4.55864],
    "HAV_to": [55.720, 4.80],
    "HAV_from": [55.720, 4.80],
    "NIN_to": [56.34, 4.27],
    "NIN_from": [56.34, 4.27],
    "NSU_to": [55.46, 5.133],
    "NSU_from": [55.46, 5.133],
    "SDW_to": [55.46, 5.133],
    "SDW_from": [55.46, 5.133],
    "WLE_to": [55.47, 5.105],
    "WLE_from": [55.47, 5.105],
    "EBJ_end": [55.525, 8.553],  
    "MRI_to":[55.525, 8.553], 
    "MRI_from":[55.525, 8.553],
    "SBO_from":[55.525, 8.553],
    "SBO_to":[55.525, 8.553],
    "SHU_from":[55.525, 8.553],
    "SHU_to":[55.525, 8.553],
    "OLY_from":[55.525, 8.553],
    "OLY_to":[55.525, 8.553],
    "ESP_from":[55.525, 8.553],
    "ESP_to":[55.525, 8.553],
    "ECH_from":[55.525, 8.553],
    "ECH_to":[55.525, 8.553],
     "HCA_from":[55.525, 8.553],
    "HCA_to":[55.525, 8.553],   
    "SCO_from":[55.525, 8.553],
    "SCO_to":[55.525, 8.553],   
    "CON_from":[55.525, 8.553],
    "CON_to":[55.525, 8.553], 
    "SEA_from":[55.525, 8.553],
    "SEA_to":[55.525, 8.553], 
        "MIN_from":[55.525, 8.553],
    "MIN_to":[55.525, 8.553], 
            "ESU_from":[55.525, 8.553],
    "ESU_to":[55.525, 8.553], 
"HFA_to":[55.525, 8.553], 
"HFA_from":[55.525, 8.553], 
    "EDT_to":[55.525, 8.553], 
"EDT_from":[55.525, 8.553], 
"BAT_to":[55.525, 8.553], 
"BAT_from":[55.525, 8.553], 
     "EEX_to":[55.525, 8.553], 
"EEX_from":[55.525, 8.553], 
         "SAM_to":[55.525, 8.553], 
"SAM_from":[55.525, 8.553], 
             "SKC_to":[55.525, 8.553], 
"SKC_from":[55.525, 8.553]}}